year,pano,name
1992,1,Aberavon
1992,153,Conwy
1992,2,Aberdeen North
1992,3,Aberdeen South
1992,344,Kincardine & Deeside
1992,407,Monkslands East
1992,4,Aldershot
1992,5,Aldridge-Brownhills
1992,6,Altrincham and Sale
1992,7,Alyn and Deeside
1992,8,Amber Valley
1992,9,Angus East
1992,108,Caernarfon
1992,13,Argyll and Bute
1992,321,Horsham
1992,15,Ashfield
1992,16,Ashford
1992,17,Ashton-under-Lyne
1992,18,Aylesbury
1992,124,"Carrick, Cumnock and Doon Valley"
1992,19,Ayr
1992,170,Cunninghame North
1992,20,Banbury
1992,21,Banff and Buchan
1992,22,Barking
1992,23,Barnsley Central
1992,24,Barnsley East
1992,26,Barrow and Furness
1992,48,Billericay
1992,27,Basildon
1992,28,Basingstoke
1992,29,Bassetlaw
1992,30,Bath
1992,31,Batley and Spen
1992,32,Battersea
1992,33,Beaconsfield
1992,34,Beckenham
1992,36,Bedfordshire North
1992,35,Bedfordshire Mid
1992,35,Bedfordshire Mid
1992,37,Bedfordshire South West
1992,530,Southwark & Bermondsey
1992,43,Berwick-upon-Tweed
1992,490,RoxBorough and Berwickshire
1992,44,Bethnal Green and Stepney
1992,91,Bridlington
1992,46,Bexhill and Battle
1992,47,Bexleyheath
1992,49,Birkenhead
1992,50,"Birmingham, Edgbaston"
1992,51,"Birmingham, Erdington"
1992,59,Birmingham Sparkbrook
1992,53,"Birmingham, Hodge Hill"
1992,54,"Birmingham, Ladywood"
1992,55,"Birmingham, Northfield"
1992,56,"Birmingham, Perry Barr"
1992,52,"Birmingham, Hall Green"
1992,60,"Birmingham, Yardley"
1992,61,Bishop Auckland
1992,63,Blackburn
1992,391,Manchester Blackley
1992,647,Wyre
1992,65,Blackpool South
1992,66,Blaenau Gwent
1992,67,Blaydon
1992,68,Blyth Valley
1992,14,Arundel
1992,69,Bolsover
1992,70,Bolton North East
1992,71,Bolton South East
1992,72,Bolton West
1992,74,Bootle
1992,317,Holland with Boston
1992,75,Bosworth
1992,76,Bournemouth East
1992,77,Bournemouth West
1992,42,Berkshire East
1992,79,Bradford North
1992,80,Bradford South
1992,81,Bradford West
1992,82,Braintree
1992,83,Brecon and Radnor
1992,86,Brent South
1992,85,Brent North
1992,87,Brentford and Isleworth
1992,88,Brentwood and Ongar
1992,89,Bridgend
1992,90,Bridgwater
1992,73,Boothferry
1992,93,"Brighton, Kemptown"
1992,94,"Brighton, Pavilion"
1992,95,Bristol East
1992,96,Bristol North West
1992,97,Bristol South
1992,98,Bristol West
1992,429,Norfolk Mid
1992,139,Chislehurst
1992,99,Bromsgrove
1992,100,Broxbourne
1992,101,Broxtowe
1992,102,Buckingham
1992,103,Burnley
1992,104,Burton
1992,105,Bury North
1992,106,Bury South
1992,553,Suffolk Central
1992,109,Caerphilly
1992,110,Caithness & Sutherland
1992,111,Calder Valley
1992,455,Peckham
1992,241,Falmouth & Camborne
1992,112,Cambridge
1992,113,North East Cambridgeshire
1992,328,Huntingdon
1992,115,Cambridgeshire South West
1992,114,South East Cambridgeshire
1992,116,Cannock & Burntwood
1992,117,Canterbury
1992,118,Cardiff Central
1992,119,Cardiff North
1992,120,Cardiff South and Penarth
1992,121,Cardiff West
1992,122,Carlisle
1992,123,Carmarthen
1992,456,Pembroke
1992,125,Carshalton and Wallington
1992,126,Castle Point
1992,127,Ceredigion & Pembroke North
1992,494,Rutland & Melton
1992,341,Kent Mid
1992,128,Cheadle
1992,129,Chelmsford
1992,251,Fulham
1992,131,Cheltenham
1992,133,Chesham and Amersham
1992,134,City of Chester
1992,135,Chesterfield
1992,136,Chichester
1992,137,Chingford
1992,623,Wiltshire North
1992,138,Chipping Barnet
1992,140,Chorley
1992,141,Christchurch
1992,143,Cities of London and Westminster South
1992,298,Harwich
1992,92,Brigg & Cleethorpes
1992,146,Clwyd South West
1992,145,Clwyd North West
1992,408,Monksland West
1992,149,Colchester North
1992,151,Colne Valley
1992,152,Congleton
1992,154,Copeland
1992,155,Corby
1992,156,North Cornwall
1992,157,South East Cornwall
1992,142,Cirencester & Tewkesbury
1992,158,Coventry North East
1992,159,Coventry North West
1992,160,Coventry South East
1992,162,Crawley
1992,163,Crewe and Nantwich
1992,165,Croydon Central
1992,167,Croydon North West
1992,168,Croydon South
1992,169,Cumbernauld and Kilsyth
1992,172,Cynon Valley
1992,173,Dagenham
1992,174,Darlington
1992,175,Dartford
1992,176,Daventry
1992,178,Delyn
1992,179,Denton and Reddish
1992,180,Derby North
1992,181,Derby South
1992,184,Derbyshire West
1992,180,Derby North
1992,182,North East Derbyshire
1992,183,South Derbyshire
1992,185,Devizes
1992,571,Teignbridge
1992,318,Honiton
1992,186,North Devon
1992,463,Plymouth Sutton
1992,187,Torridge and West Devon
1992,188,Dewsbury
1992,191,Don Valley
1992,189,Doncaster Central
1992,190,Doncaster North
1992,466,Poole
1992,192,North Dorset
1992,193,South Dorset
1992,194,West Dorset
1992,195,Dover
1992,198,Dudley East
1992,199,Dudley West
1992,200,Dulwich
1992,254,Galloway and Upper Nithsdale
1992,202,Dumfries
1992,549,Strathkelvin and Bearsden
1992,201,Dumbarton
1992,203,Dundee East
1992,204,Dundee West
1992,206,Dunfermline West
1992,207,City of Durham
1992,208,North Durham
1992,209,North West Durham
1992,398,Meirionnydd Nant Conwy
1992,210,Ealing Acton
1992,211,Ealing North
1992,212,"Ealing, Southall"
1992,213,Easington
1992,423,Newham North East
1992,215,East Kilbride
1992,217,East Lothian
1992,214,Eastbourne
1992,216,Eastleigh
1992,220,Eddisbury
1992,222,EdinBorough East
1992,223,EdinBorough Leith
1992,225,EdinBorough South
1992,224,EdinBorough Pentlands
1992,226,EdinBorough West
1992,227,Edmonton
1992,228,Ellesmere Port and Neston
1992,229,Elmet
1992,230,Eltham
1992,231,Enfield North
1992,232,"Enfield, Southgate"
1992,233,Epping Forest
1992,234,Epsom and Ewell
1992,235,Erewash
1992,236,Erith & Crayford
1992,237,Esher
1992,238,Exeter
1992,240,Falkirk West
1992,242,Fareham
1992,389,Maidstone
1992,244,Feltham and Heston
1992,247,North East Fife
1992,96,Bristol North West
1992,248,Finchley
1992,249,Folkestone and Hythe
1992,271,Gloucestershire West
1992,252,Fylde
1992,253,Gainsborough & Horncastle
1992,376,Liverpool Garston
1992,585,Tyne Bridge
1992,256,Gedling
1992,257,Gillingham
1992,260,Glasgow Central
1992,268,Glasgow Shettleston
1992,264,Glasgow Maryhill
1992,269,Glasgow Springburn
1992,261,Glasgow Garscadden
1992,259,Glasgow Cathcart
1992,265,Glasgow Pollok
1992,246,Fife Central
1992,270,Gloucester
1992,272,Gordon
1992,273,Gosport
1992,274,Gower
1992,538,Stamford & Spalding
1992,276,Gravesham
1992,277,Great Grimsby
1992,278,Great Yarmouth
1992,280,Greenwich
1992,281,Guildford
1992,282,Hackney North and Stoke Newington
1992,283,Hackney South and Shoreditch
1992,284,Halesowen and Stourbridge
1992,285,Halifax
1992,45,Beverley
1992,286,Halton
1992,251,Fulham
1992,289,East Hampshire
1992,289,East Hampshire
1992,290,North West Hampshire
1992,291,Hampstead and Highgate
1992,292,Harborough
1992,293,Harlow
1992,294,Harrogate
1992,295,Harrow East
1992,296,Harrow West
1992,297,Hartlepool
1992,149,Colchester North
1992,299,Hastings and Rye
1992,300,Havant
1992,301,Hayes and Harlington
1992,302,Hazel Grove
1992,311,Hertfordshire West
1992,303,Hemsworth
1992,304,Hendon North
1992,306,Henley
1992,307,Hereford
1992,365,Leominster
1992,308,Hertford and Stortford
1992,309,North Hertfordshire
1992,310,South West Hertfordshire
1992,312,Hertsmere
1992,313,Hexham
1992,314,Heywood and Middleton
1992,315,High Peak
1992,309,Hertfordshire North
1992,316,Holborn and St Pancras
1992,588,Upminster
1992,320,Hornsey and Wood Green
1992,321,Horsham
1992,322,Houghton and Washington East
1992,323,Hove
1992,324,Huddersfield
1992,325,Kingston upon Hull East
1992,326,Kingston upon Hull North
1992,327,Kingston upon Hull West
1992,328,Huntingdon
1992,329,Hyndburn
1992,330,Ilford North
1992,331,Ilford South
1992,279,Greenock & Port Glasgow
1992,332,"Inverness, Nairnand Lochaber"
1992,333,Ipswich
1992,334,Isle of Wight
1992,335,Islington North
1992,336,Islington South and Finsbury
1992,337,Islwyn
1992,338,Jarrow
1992,339,Keighley
1992,490,Rugby & Kenilworth
1992,130,Chelsea
1992,342,Kettering
1992,343,Kilmarnock and Loudoun
1992,558,Surbiton
1992,346,Kingswood
1992,347,Kirkcaldy
1992,349,Knowsley South
1992,148,Clydesdale
1992,351,Lancashire West
1992,352,Lancaster
1992,354,Leeds Central
1992,355,Leeds East
1992,356,Leeds North East
1992,357,Leeds North West
1992,359,Leeds West
1992,360,Leicester East
1992,361,Leicester South
1992,362,Leicester West
1992,363,Leicestershire North West
1992,62,Blaby
1992,364,Leigh
1992,366,Lewes
1992,367,"Lewisham, Deptford"
1992,368,Lewisham East
1992,369,Lewisham West
1992,370,Leyton
1992,533,Staffordshire Mid
1992,371,Lincoln
1992,373,Linlithgow
1992,378,"Liverpool, Riverside"
1992,379,"Liverpool, Walton"
1992,375,"Liverpool, Broadgreen"
1992,380,"Liverpool, West Derby"
1992,381,Livingston
1992,382,Llanelli
1992,384,Loughborough
1992,372,Lindsey East
1992,385,Ludlow
1992,386,Luton North
1992,387,Luton South
1992,388,Macclesfield
1992,627,Windsor & Maidenhead
1992,389,Maidstone
1992,390,Makerfield
1992,150,Colchester South & Maldon
1992,392,Manchester Central
1992,393,"Manchester, Gorton"
1992,394,"Manchester, Withington"
1992,396,Mansfield
1992,289,Hampshire East
1992,399,Meriden
1992,400,Merthyr Tydfil and Rhymney
1992,401,Middlesbrough
1992,353,Langbaurgh
1992,402,Midlothian
1992,403,Milton Keynes North East
1992,404,Milton Keynes South West
1992,405,Mitcham and Morden
1992,406,Mole Valley
1992,409,Monmouth
1992,410,Montgomery
1992,411,Moray
1992,412,Morecambe and Lunesdale
1992,361,Leeds South
1992,414,Motherwell South
1992,619,Western Isles
1992,415,Neath
1992,485,Romsey and Waterside
1992,422,New Forest
1992,416,Newark
1992,417,Newbury
1992,418,Newcastle-under-Lyme
1992,419,Newcastle upon Tyne Central
1992,420,Newcastle upon Tyne East
1992,421,Newcastle upon Tyne North
1992,426,Newport East
1992,427,Newport West
1992,571,Teignbridge
1992,429,Mid Norfolk
1992,430,North Norfolk
1992,431,North West Norfolk
1992,432,South Norfolk
1992,433,South West Norfolk
1992,464,Pontefract and Castleford
1992,435,Northampton North
1992,436,Northampton South
1992,176,Daventry
1992,438,Norwich North
1992,439,Norwich South
1992,441,Nottingham East
1992,442,Nottingham North
1992,443,Nottingham South
1992,444,Nuneaton
1992,144,Clackmannan
1992,445,Ogmore
1992,446,Old Bexley and Sidcup
1992,374,Littleborough & Saddleworth
1992,447,Oldham Central and Royton
1992,449,Orkney and Shetland
1992,450,Orpington
1992,451,Oxford East
1992,452,Oxford West and Abingdon
1992,453,Paisley North
1992,454,Paisley South
1992,457,Pendle
1992,512,Sheffield Hillsborough
1992,458,Penrith and The Border
1992,459,Perth & Kinross
1992,460,Peterborough
1992,461,Plymouth Devonport
1992,462,Plymouth Drake
1992,465,Pontypridd
1992,466,Poole
1992,78,Bow & Poplar
1992,467,Portsmouth North
1992,468,Portsmouth South
1992,456,Pembroke
1992,469,Preston
1992,470,Pudsey
1992,471,Putney
1992,483,Rochford
1992,473,Reading East
1992,474,Reading West
1992,475,Redcar
1992,639,Worchester Mid
1992,476,Reigate
1992,218,Eastwood
1992,478,Rhondda
1992,479,Ribble Valley
1992,481,Richmond (Yorks)
1992,480,Richmond & Barnes
1992,482,Rochdale
1992,397,Medway
1992,524,Southend East
1992,484,Romford
1992,485,Romsey & Waterside
1992,486,"Ross, Cromarty & Skye"
1992,487,Rossendale and Darwen
1992,489,Rother Valley
1992,488,Rotherham
1992,491,Rugby & Kenilworth
1992,492,Ruislip- Northwood
1992,132,Chertsey & Walton
1992,493,Rushcliffe
1992,267,Glasgow Rutherglen
1992,494,Rutland and Melton
1992,496,Saffron Walden
1992,497,St Albans
1992,581,Truro
1992,498,St Helens North
1992,499,St Helens South
1992,500,St Ives
1992,501,Salford East
1992,502,Salisbury
1992,503,Scarborough
1992,258,Glanford & Scunthorpe
1992,504,Sedgefield
1992,164,Crosby
1992,505,Selby
1992,506,Sevenoaks
1992,508,"Sheffield, Brightside "
1992,509,Sheffield Central
1992,510,"Sheffield, Hallam"
1992,511,"Sheffield, Heeley"
1992,507,Sheffield Attercliffe
1992,513,Sherwood
1992,514,Shipley
1992,516,Shrewsbury and Atcham
1992,517,North Shropshire
1992,243,Faversham
1992,518,Skipton and Ripon
1992,275,Grantham
1992,519,Slough
1992,520,Solihull
1992,536,Woodspring
1992,600,Wansdyke
1992,521,Somerton and Frome
1992,538,Stamford & Spalding
1992,528,South Ribble
1992,529,South Shields
1992,522,"Southampton, Itchen"
1992,523,"Southampton, Test"
1992,525,Southend West
1992,527,Southport
1992,531,Spelthorne
1992,532,Stafford
1992,534,Staffordshire Moorlands
1992,535,South Staffordshire
1992,537,Stalybridge and Hyde
1992,539,Stevenage
1992,540,Stirling
1992,541,Stockport
1992,542,Stockton North
1992,543,Stockton South
1992,544,Stoke-on-Trent Central
1992,545,Stoke-on-Trent North
1992,546,Stoke-on-Trent South
1992,532,Stafford
1992,284,Halesowen and Stourbridge
1992,548,Stratford-on-Avon
1992,550,Streatham
1992,177,Davyhulme
1992,552,Stroud
1992,553,Central Suffolk
1992,554,Suffolk Coastal
1992,555,South Suffolk
1992,107,Burt St Edmunds
1992,556,Sunderland North
1992,559,East Surrey
1992,560,Surrey North West
1992,561,South West Surrey
1992,562,Mid Sussex
1992,563,Sutton and Cheam
1992,564,Sutton Coldfield
1992,565,Swansea East
1992,566,Swansea West
1992,567,Swindon
1992,567,Swindon
1992,536,Staffordshire South East
1992,568,Tatton
1992,569,Taunton
1992,644,The Wrekin
1992,142,Cirencester & Tewkesbury
1992,572,North Thanet
1992,573,South Thanet
1992,495,Ryedale
1992,437,Northavon
1992,574,Thurrock
1992,575,Tiverton
1992,576,Tonbridge and Malling
1992,577,Tooting
1992,578,Torbay
1992,579,Torfaen
1992,526,South Hams
1992,580,Tottenham
1992,581,Truro
1992,582,Tunbridge Wells
1992,584,Twickenham
1992,586,Tynemouth
1992,595,Wallsend
1992,590,Uxbridge
1992,145,Clwyd North West
1992,591,Vale of Glamorgan
1992,592,Vauxhall
1992,593,Wakefield
1992,594,Wallasey
1992,596,Walsall North
1992,597,Walsall South
1992,598,Walthamstow
1992,599,Wansbeck
1992,602,Wantage
1992,603,Warley East
1992,605,Warrington North
1992,606,Warrington South
1992,607,Warwick and Leamington
1992,608,North Warwickshire
1992,255,Gateshead East
1992,609,Watford
1992,610,Waveney
1992,611,Wealden
1992,220,Eddisbury
1992,612,Wellingborough
1992,613,Wells
1992,614,Welwyn Hatfield
1992,615,Wentworth
1992,616,West Bromwich East
1992,617,West Bromwich West
1992,424,Newham North West
1992,620,Westminster North
1992,621,Westmorland and Lonsdale
1992,622,Weston-Super-Mare
1992,623,Wigan
1992,624,North Wiltshire
1992,618,Westbury
1992,625,Wimbledon
1992,626,Winchester
1992,42,Berkshire East
1992,628,Wirral South
1992,629,Wirral West
1992,82,Braintree
1992,630,Witney
1992,631,Woking
1992,632,Wokingham
1992,633,Wolverhampton North East
1992,634,Wolverhampton South East
1992,635,Wolverhampton South West
1992,638,Worcester
1992,640,Worcestershire South
1992,640,Worcestershire South
1992,641,Workington
1992,642,Worsley
1992,515,Shoreham
1992,643,Worthing
1992,644,The Wrekin
1992,645,Wrexham
1992,646,Wycombe
1992,352,Lancaster
1992,648,Wyre Forest
1992,395,Manchester Wythenshawe
1992,649,Yeovil
1992,650,Ynys Môn
1992,651,York
1992,495,Ryedale
1992,91,Bridlington
1992,25,Barnsely West & Penistone
1992,57,Birmingham Selly Oak
1992,58,Birmingham Small Heath
1992,64,Blackpool North
1992,84,Brent East
1992,114,Cambridgeshire South East
1992,161,Coventry South West
1992,166,Croydon North East
1992,168,Cunninghame South
1992,205,Dunfermline East
1992,219,Eccles
1992,221,Edinburgh Central
1992,239,Falkirk East
1992,262,Glasgow Govan
1992,263,Glasgow Hillhead
1992,266,Glasgow Provan
1992,287,Hamilton
1992,288,Hammersmith
1992,305,Hendon South
1992,319,Hornchurch
1992,340,Kensington
1992,345,Kingston upon Thames
1992,348,Knowsley North
1992,358,Leeds South &  Morely
1992,374,Littleborough & Saddleworth
1992,377,Liverpool Mossley Hill
1992,413,Motherwell South
1992,425,Newham South
1992,434,Normanton
1992,440,Norwood
1992,448,Oldham West
1992,472,Ravensbourne
1992,477,Renfrew West and Inverclyde
1992,551,Stretford
1992,557,Sunderland South
1992,570,Tayside North
1992,583,"Tweeddale, Ettrick & Lauderdale "
1992,604,Warley West
1992,601,Wanstead and Woodford
1992,627,Windsor and Maidenhead
1992,637,Woolwich
1997,1,Aberavon
1997,157,Conwy
1997,3,Aberdeen North
1997,4,Aberdeen South
1997,5,West Aberdeenshire and Kincardine
1997,6,Airdrie and Shotts
1997,7,Aldershot
1997,8,Aldridge-Brownhills
1997,9,Altrincham and Sale West
1997,10,Alyn and Deeside
1997,11,Amber Valley
1997,12,Angus
1997,111,Caernarfon
1997,16,Argyll and Bute
1997,17,Arundel and South Downs
1997,18,Ashfield
1997,19,Ashford
1997,20,Ashton-under-Lyne
1997,21,Aylesbury
1997,130,"Carrick, Cumnock and Doon Valley"
1997,22,Ayr
1997,173,Cunninghame North
1997,23,Banbury
1997,24,Banff and Buchan
1997,25,Barking
1997,26,Barnsley Central
1997,27,Barnsley East & Mexborough
1997,29,Barrow and Furness
1997,51,Billericay
1997,30,Basildon
1997,31,Basingstoke
1997,32,Bassetlaw
1997,33,Bath
1997,34,Batley and Spen
1997,35,Battersea
1997,36,Beaconsfield
1997,37,Beckenham
1997,38,Bedford
1997,39,Bedfordshire Mid
1997,40,North East Bedfordshire
1997,41,Bedfordshire South West
1997,531,Southwark North & Bermondsey
1997,46,Berwick-upon-Tweed
1997,490,RoxBorough and Berwickshire
1997,47,Bethnal Green and Bow
1997,48,Beverley and Holderness
1997,49,Bexhill and Battle
1997,50,Bexleyheath and Crayford
1997,52,Birkenhead
1997,53,"Birmingham, Edgbaston"
1997,54,"Birmingham, Erdington"
1997,61,Birmingham Sparkbrook & Small Heath
1997,56,"Birmingham, Hodge Hill"
1997,57,"Birmingham, Ladywood"
1997,58,"Birmingham, Northfield"
1997,59,"Birmingham, Perry Barr"
1997,55,"Birmingham, Hall Green"
1997,62,"Birmingham, Yardley"
1997,63,Bishop Auckland
1997,65,Blackburn
1997,393,Manchester Blackley
1997,66,Blackpool North and Fleetwood
1997,67,Blackpool South
1997,68,Blaenau Gwent
1997,69,Blaydon
1997,70,Blyth Valley
1997,71,Bognor Regis and Littlehampton
1997,72,Bolsover
1997,73,Bolton North East
1997,74,Bolton South East
1997,75,Bolton West
1997,76,Bootle
1997,77,Boston and Skegness
1997,78,Bosworth
1997,79,Bournemouth East
1997,80,Bournemouth West
1997,81,Bracknell
1997,82,Bardford North
1997,83,Bradford South
1997,84,Bradford West
1997,85,Braintree
1997,86,Brecon and Radnorshire
1997,89,Brent South
1997,88,Brent North
1997,90,Brentford and Isleworth
1997,91,Brentwood and Ongar
1997,92,Bridgend
1997,93,Bridgwater
1997,94,Brigg and Goole
1997,95,"Brighton, Kemptown"
1997,96,"Brighton, Pavilion"
1997,97,Bristol East
1997,98,Bristol North West
1997,99,Bristol South
1997,100,Bristol West
1997,427,Norfolk Mid
1997,101,Bromley and Chislehurst
1997,102,Bromsgrove
1997,103,Broxbourne
1997,104,Broxtowe
1997,105,Buckingham
1997,106,Burnley
1997,107,Burton
1997,108,Bury North
1997,109,Bury South
1997,110,Bury St Edmunds
1997,112,Caerphilly
1997,113,"Caithness, Sutherland and Easter Ross"
1997,114,Calder Valley
1997,115,Camberwell and Peckham
1997,248,Falmouth & Camborne
1997,116,Cambridge
1997,117,North East Cambridgeshire
1997,118,North West Cambridgeshire
1997,119,South Cambridgeshire
1997,120,South East Cambridgeshire
1997,121,Cannock Chase
1997,122,Canterbury
1997,123,Cardiff Central
1997,124,Cardiff North
1997,125,Cardiff South and Penarth
1997,126,Cardiff West
1997,127,Carlisle
1997,128,Carmarthen East and Dinefwr
1997,129,Carmarthen West and Pembrokeshire South
1997,131,Carshalton and Wallington
1997,132,Castle Point
1997,133,Ceredigion
1997,134,Charnwood
1997,135,Chatham and Aylesford
1997,136,Cheadle
1997,137,Chelmsford West
1997,294,Hammersmith & Fulham
1997,138,Cheltenham
1997,139,Chesham and Amersham
1997,140,City of Chester
1997,141,Chesterfield
1997,142,Chichester
1997,143,Chingford and Woodford Green
1997,631,Wiltshire North
1997,144,Chipping Barnet
1997,145,Chorley
1997,146,Christchurch
1997,147,Cities of London and Westminster
1997,305,Harwich
1997,148,Cleethorpes
1997,149,Clwyd South
1997,150,Clwyd West
1997,153,Coatbridge and Chryston
1997,154,Colchester
1997,155,Colne Valley
1997,156,Congleton
1997,158,Copeland
1997,159,Corby
1997,160,North Cornwall
1997,161,South East Cornwall
1997,162,The Cotswolds
1997,163,Coventry North East
1997,164,Coventry North West
1997,165,Coventry South
1997,166,Crawley
1997,167,Crewe and Nantwich
1997,169,Croydon Central
1997,170,Croydon North
1997,171,Croydon South
1997,172,Cumbernauld and Kilsyth
1997,175,Cynon Valley
1997,176,Dagenham
1997,177,Darlington
1997,178,Dartford
1997,179,Daventry
1997,180,Delyn
1997,181,Denton and Reddish
1997,182,Derby North
1997,183,Derby South
1997,186,Derbyshire West
1997,182,Derby North
1997,184,North East Derbyshire
1997,185,South Derbyshire
1997,187,Devizes
1997,573,Teignbridge
1997,188,East Devon
1997,189,North Devon
1997,190,South West Devon
1997,191,Torridge and West Devon
1997,192,Dewsbury
1997,193,Don Valley
1997,194,Doncaster Central
1997,195,Doncaster North
1997,196,Mid Dorset and North Poole
1997,197,North Dorset
1997,198,South Dorset
1997,199,West Dorset
1997,200,Dover
1997,203,Dudley North
1997,204,Dudley South
1997,205,Dulwich and West Norwood
1997,261,Galloway and Upper Nithsdale
1997,207,Dumfries
1997,549,Strathkelvin and Bearsden
1997,206,Dumbarton
1997,208,Dundee East
1997,209,Dundee West
1997,211,Dunfermline West
1997,214,City of Durham
1997,212,North Durham
1997,213,North West Durham
1997,399,Meirionnydd Nant Conwy
1997,215,Ealing Acton & Shepherds Bush
1997,216,Ealing North
1997,217,"Ealing, Southall"
1997,218,Easington
1997,219,East Ham
1997,220,East Kilbride
1997,221,East Lothian
1997,222,Eastbourne
1997,223,Eastleigh
1997,226,Eddisbury
1997,228,EdinBorough East and Musselburgh
1997,229,EdinBorough North and Leith
1997,231,EdinBorough South
1997,230,EdinBorough Pentlands
1997,232,EdinBorough West
1997,233,Edmonton
1997,234,Ellesmere Port and Neston
1997,235,Elmet
1997,236,Eltham
1997,237,Enfield North
1997,238,"Enfield, Southgate"
1997,239,Epping Forest
1997,240,Epsom and Ewell
1997,241,Erewash
1997,242,Erith and Thamesmead
1997,243,Esher and Walton
1997,245,Exeter
1997,247,Falkirk West
1997,249,Fareham
1997,250,Faversham and Mid Kent
1997,251,Feltham and Heston
1997,254,North East Fife
1997,98,Bristol North West
1997,255,Finchley and Golders Green
1997,256,Folkestone and Hythe
1997,257,Forest of Dean
1997,259,Fylde
1997,260,Gainsborough
1997,375,Liverpool Garston
1997,590,Tyne Bridge
1997,263,Gedling
1997,264,Gillingham
1997,273,Glasgow Shettleston
1997,266,Glasgow Baillieston
1997,270,Glasgow Maryhill
1997,274,Glasgow Springburn
1997,265,Glasgow Anniesland
1997,267,Glasgow Cathcart
1997,271,Glasgow Pollok
1997,253,Fife Central
1997,275,Gloucester
1997,276,Gordon
1997,277,Gosport
1997,278,Gower
1997,279,Grantham and Stamford
1997,280,Gravesham
1997,281,Great Grimsby
1997,282,Great Yarmouth
1997,284,Greenwich and Woolwich
1997,285,Guildford
1997,286,Hackney North and Stoke Newington
1997,287,Hackney South and Shoreditch
1997,288,Halesowen and Rowley Regis
1997,289,Halifax
1997,290,Haltemprice and Howden
1997,291,Halton
1997,294,Hammersmith & Fulham
1997,295,East Hampshire
1997,296,North East Hampshire
1997,297,North West Hampshire
1997,298,Hampstead and Highgate
1997,299,Harborough
1997,300,Harlow
1997,301,Harrogate and Knaresborough
1997,302,Harrow East
1997,303,Harrow West
1997,304,Hartlepool
1997,244,Essex North
1997,306,Hastings and Rye
1997,307,Havant
1997,308,Hayes and Harlington
1997,309,Hazel Grove
1997,310,Hemel Hempstead
1997,311,Hemsworth
1997,312,Hendon
1997,313,Henley
1997,314,Hereford
1997,366,Leominster
1997,315,Hertford and Stortford
1997,316,North East Hertfordshire
1997,317,South West Hertfordshire
1997,318,Hertsmere
1997,319,Hexham
1997,320,Heywood and Middleton
1997,321,High Peak
1997,322,Hitchin and Harpenden
1997,323,Holborn and St Pancras
1997,595,Upminster
1997,325,Hornsey and Wood Green
1997,326,Horsham
1997,327,Houghton and Washington East
1997,328,Hove
1997,329,Huddersfield
1997,330,Kingston upon Hull East
1997,331,Kingston upon Hull North
1997,332,Kingston upon Hull West and Hessle
1997,333,Huntingdon
1997,334,Hyndburn
1997,335,Ilford North
1997,336,Ilford South
1997,283,Greenock and Inverclyde
1997,337,"Inverness East, Nairnand Lochaber"
1997,338,Ipswich
1997,339,Isle of Wight
1997,340,Islington North
1997,341,Islington South and Finsbury
1997,342,Islwyn
1997,343,Jarrow
1997,344,Keighley
1997,491,Rugby & Kenilworth
1997,345,Kensington & Chelsea
1997,346,Kettering
1997,347,Kilmarnock and Loudoun
1997,348,Kingston and Surbiton
1997,349,Kingswood
1997,350,Kirkcaldy
1997,352,Knowsley South
1997,152,Clydesdale
1997,354,Lancashire West
1997,355,Lancaster & Wyre
1997,356,Leeds Central
1997,357,Leeds East
1997,358,Leeds North East
1997,359,Leeds North West
1997,360,Leeds West
1997,361,Leicester East
1997,362,Leicester South
1997,363,Leicester West
1997,364,Leicestershire North West
1997,64,Blaby
1997,365,Leigh
1997,367,Lewes
1997,368,"Lewisham, Deptford"
1997,369,Lewisham East
1997,370,Lewisham West
1997,371,Leyton and Wanstead
1997,372,Lichfield
1997,373,Lincoln
1997,374,Linlithgow
1997,376,"Liverpool, Riverside"
1997,377,"Liverpool, Walton"
1997,378,"Liverpool, Wavertree"
1997,379,"Liverpool, West Derby"
1997,380,Livingston
1997,381,Llanelli
1997,383,Loughborough
1997,384,Louth and Horncastle
1997,385,Ludlow
1997,386,Luton North
1997,387,Luton South
1997,388,Macclesfield
1997,389,Maidenhead
1997,390,Maidstone and The Weald
1997,391,Makerfield
1997,392,Maldon & Chelmsford East
1997,394,Manchester Central
1997,395,"Manchester, Gorton"
1997,396,"Manchester, Withington"
1997,397,Mansfield
1997,295,Hampshire East
1997,400,Meriden
1997,401,Merthyr Tydfil and Rhymney
1997,402,Middlesbrough
1997,403,Middlesbrough South and East Cleveland
1997,404,Midlothian
1997,405,Milton Keynes North East
1997,406,Milton Keynes South West
1997,407,Mitcham and Morden
1997,408,Mole Valley
1997,409,Monmouth
1997,410,Montgomeryshire
1997,411,Moray
1997,412,Morecambe and Lunesdale
1997,413,Morley & Rothwell
1997,414,Motherwell and Wishaw
1997,627,Western Isles
1997,415,Neath
1997,416,New Forest East
1997,417,New Forest West
1997,418,Newark
1997,419,Newbury
1997,420,Newcastle-under-Lyme
1997,421,Newcastle upon Tyne Central
1997,422,Newcastle upon Tyne East & Wallsend
1997,423,Newcastle upon Tyne North
1997,424,Newport East
1997,425,Newport West
1997,573,Teignbridge
1997,427,Mid Norfolk
1997,428,North Norfolk
1997,429,North West Norfolk
1997,430,South Norfolk
1997,431,South West Norfolk
1997,459,Pontefract and Castleford
1997,433,Northampton North
1997,434,Northampton South
1997,179,Daventry
1997,436,Norwich North
1997,437,Norwich South
1997,438,Nottingham East
1997,439,Nottingham North
1997,440,Nottingham South
1997,441,Nuneaton
1997,442,Ochil
1997,443,Ogmore
1997,444,Old Bexley and Sidcup
1997,445,Oldham East and Saddleworth
1997,446,Oldham West and Royton
1997,447,Orkney and Shetland
1997,448,Orpington
1997,449,Oxford East
1997,450,Oxford West and Abingdon
1997,451,Paisley North
1997,452,Paisley South
1997,453,Pendle
1997,514,Sheffield Hillsborough
1997,454,Penrith and The Border
1997,455,Perth
1997,456,Peterborough
1997,457,Plymouth Devonport
1997,458,"Plymouth, Sutton "
1997,460,Pontypridd
1997,461,Poole
1997,462,Poplar and Canning Town
1997,463,Portsmouth North
1997,464,Portsmouth South
1997,465,Preseli Pembrokeshire
1997,466,Preston
1997,467,Pudsey
1997,468,Putney
1997,469,Rayleigh
1997,470,Reading East
1997,471,Reading West
1997,472,Redcar
1997,473,Redditch
1997,475,Reigate
1997,224,Eastwood
1997,477,Rhondda
1997,479,Ribble Valley
1997,480,Richmond (Yorks)
1997,481,Richmond Park
1997,482,Rochdale
1997,398,Medway
1997,483,Rochford and Southend East
1997,484,Romford
1997,485,Romsey
1997,486,"Ross, Skye and Inverness West"
1997,487,Rossendale and Darwen
1997,488,Rother Valley
1997,489,Rotherham
1997,491,Rugby & Kenilworth
1997,492,Ruislip- Northwood
1997,493,Runnymede and Weybridge
1997,494,Rushcliffe
1997,272,Glasgow Rutherglen
1997,495,Rutland and Melton
1997,497,Saffron Walden
1997,498,St Albans
1997,586,Truro & St Austell
1997,499,St Helens North
1997,500,St Helens South
1997,501,St Ives
1997,502,Salford
1997,503,Salisbury
1997,504,Scarborough and Whitby
1997,505,Scunthorpe
1997,506,Sedgefield
1997,168,Crosby
1997,507,Selby
1997,508,Sevenoaks
1997,510,"Sheffield, Brightside "
1997,511,Sheffield Central
1997,512,"Sheffield, Hallam"
1997,513,"Sheffield, Heeley"
1997,509,Sheffield Attercliffe
1997,515,Sherwood
1997,516,Shipley
1997,517,Shrewsbury and Atcham
1997,518,North Shropshire
1997,519,Sittingbourne and Sheppey
1997,520,Skipton and Ripon
1997,521,Sleaford and North Hykeham
1997,522,Slough
1997,523,Solihull
1997,643,Woodspring
1997,608,Wansdyke
1997,524,Somerton and Frome
1997,525,South Holland and The Deepings
1997,478,South Ribble
1997,526,South Shields
1997,527,"Southampton, Itchen"
1997,528,"Southampton, Test"
1997,529,Southend West
1997,530,Southport
1997,532,Spelthorne
1997,533,Stafford
1997,534,Staffordshire Moorlands
1997,535,South Staffordshire
1997,536,Stalybridge and Hyde
1997,537,Stevenage
1997,538,Stirling
1997,539,Stockport
1997,540,Stockton North
1997,541,Stockton South
1997,542,Stoke-on-Trent Central
1997,543,Stoke-on-Trent North
1997,544,Stoke-on-Trent South
1997,545,Stone
1997,546,Stourbridge
1997,548,Stratford-on-Avon
1997,550,Streatham
1997,551,Stretford and Urmston
1997,552,Stroud
1997,553,Central Suffolk and North Ipswich
1997,554,Suffolk Coastal
1997,555,South Suffolk
1997,556,West Suffolk
1997,557,Sunderland North
1997,559,East Surrey
1997,560,Surrey Heath
1997,561,South West Surrey
1997,562,Mid Sussex
1997,563,Sutton and Cheam
1997,564,Sutton Coldfield
1997,565,Swansea East
1997,566,Swansea West
1997,567,North Swindon
1997,568,South Swindon
1997,569,Tamworth
1997,570,Tatton
1997,571,Taunton
1997,574,Telford
1997,575,Tewkesbury
1997,576,North Thanet
1997,577,South Thanet
1997,496,Ryedale
1997,435,Northavon
1997,578,Thurrock
1997,579,Tiverton and Honiton
1997,580,Tonbridge and Malling
1997,581,Tooting
1997,582,Torbay
1997,583,Torfaen
1997,584,Totnes
1997,585,Tottenham
1997,586,Truro & St Austell
1997,587,Tunbridge Wells
1997,589,Twickenham
1997,591,Tynemouth
1997,592,North Tyneside
1997,597,Uxbridge
1997,589,Vale of Clwyd
1997,599,Vale of Glamorgan
1997,601,Vauxhall
1997,602,Wakefield
1997,603,Wallasey
1997,604,Walsall North
1997,605,Walsall South
1997,606,Walthamstow
1997,607,Wansbeck
1997,609,Wantage
1997,610,Warley
1997,611,Warrington North
1997,612,Warrington South
1997,613,Warwick and Leamington
1997,614,North Warwickshire
1997,262,Gateshead East & Washington West
1997,615,Watford
1997,616,Waveney
1997,617,Wealden
1997,618,Weaver Vale
1997,619,Wellingborough
1997,620,Wells
1997,621,Welwyn Hatfield
1997,622,Wentworth
1997,623,West Bromwich East
1997,624,West Bromwich West
1997,625,West Ham
1997,474,Regent's Park & Kensington North
1997,628,Westmorland and Lonsdale
1997,629,Weston-Super-Mare
1997,630,Wigan
1997,631,North Wiltshire
1997,626,Westbury
1997,632,Wimbledon
1997,633,Winchester
1997,634,Windsor
1997,635,Wirral South
1997,636,Wirral West
1997,85,Braintree
1997,637,Witney
1997,638,Woking
1997,639,Wokingham
1997,640,Wolverhampton North East
1997,641,Wolverhampton South East
1997,642,Wolverhampton South West
1997,644,Worcester
1997,645,Mid Worcestershire
1997,646,West Worcestershire
1997,647,Workington
1997,648,Worsley
1997,649,East Worthing and Shoreham
1997,650,Worthing West
1997,651,The Wrekin
1997,652,Wrexham
1997,653,Wycombe
1997,355,Lancaster & Wyre
1997,654,Wyre Forest
1997,655,Wythenshawe and Sale East
1997,656,Yeovil
1997,657,Ynys Môn
1997,658,"York, City of"
1997,600,Vale of York
1997,659,East Yorkshire
1997,2,Aberdeen Central
1997,28,Barnsley West & Penistone
1997,60,Birmingham Selly Oak
1997,87,Brent East
1997,151,Clydebank & Milngavie
1997,174,Cunninghame South
1997,210,Dunfermline East
1997,225,Eccles
1997,227,Edinburgh Central
1997,246,Falkirk East
1997,268,Glasgow Govan
1997,269,Glasgow Kelvin
1997,292,Hamilton North & Bellshill
1997,293,Hamilton South
1997,324,Hornchurch
1997,351,Knowsley North & Sefton East
1997,432,Normanton
1997,476,Renfrewshire West
1997,558,Sunderland South
1997,572,Tayside North
1997,588,"Tweeddale, Ettrick & Lauderdale "
2001,1,Aberavon
2001,157,Conwy
2001,3,Aberdeen North
2001,4,Aberdeen South
2001,5,West Aberdeenshire and Kincardine
2001,6,Airdrie and Shotts
2001,7,Aldershot
2001,8,Aldridge-Brownhills
2001,9,Altrincham and Sale West
2001,10,Alyn and Deeside
2001,11,Amber Valley
2001,12,Angus
2001,111,Caernarfon
2001,16,Argyll and Bute
2001,17,Arundel and South Downs
2001,18,Ashfield
2001,19,Ashford
2001,20,Ashton-under-Lyne
2001,21,Aylesbury
2001,130,"Carrick, Cumnock and Doon Valley"
2001,22,Ayr
2001,173,Cunninghame North
2001,23,Banbury
2001,24,Banff and Buchan
2001,25,Barking
2001,26,Barnsley Central
2001,27,Barnsley East & Mexborough
2001,29,Barrow and Furness
2001,51,Billericay
2001,30,Basildon
2001,31,Basingstoke
2001,32,Bassetlaw
2001,33,Bath
2001,34,Batley and Spen
2001,35,Battersea
2001,36,Beaconsfield
2001,37,Beckenham
2001,38,Bedford
2001,39,Bedfordshire Mid
2001,40,North East Bedfordshire
2001,41,Bedfordshire South West
2001,531,Southwark North & Bermondsey
2001,46,Berwick-upon-Tweed
2001,490,RoxBorough and Berwickshire
2001,47,Bethnal Green and Bow
2001,48,Beverley and Holderness
2001,49,Bexhill and Battle
2001,50,Bexleyheath and Crayford
2001,52,Birkenhead
2001,53,"Birmingham, Edgbaston"
2001,54,"Birmingham, Erdington"
2001,61,Birmingham Sparkbrook & Small Heath
2001,56,"Birmingham, Hodge Hill"
2001,57,"Birmingham, Ladywood"
2001,58,"Birmingham, Northfield"
2001,59,"Birmingham, Perry Barr"
2001,55,"Birmingham, Hall Green"
2001,62,"Birmingham, Yardley"
2001,63,Bishop Auckland
2001,65,Blackburn
2001,393,Manchester Blackley
2001,66,Blackpool North and Fleetwood
2001,67,Blackpool South
2001,68,Blaenau Gwent
2001,69,Blaydon
2001,70,Blyth Valley
2001,71,Bognor Regis and Littlehampton
2001,72,Bolsover
2001,73,Bolton North East
2001,74,Bolton South East
2001,75,Bolton West
2001,76,Bootle
2001,77,Boston and Skegness
2001,78,Bosworth
2001,79,Bournemouth East
2001,80,Bournemouth West
2001,81,Bracknell
2001,82,Bardford North
2001,83,Bradford South
2001,84,Bradford West
2001,85,Braintree
2001,86,Brecon and Radnorshire
2001,89,Brent South
2001,88,Brent North
2001,90,Brentford and Isleworth
2001,91,Brentwood and Ongar
2001,92,Bridgend
2001,93,Bridgwater
2001,94,Brigg and Goole
2001,95,"Brighton, Kemptown"
2001,96,"Brighton, Pavilion"
2001,97,Bristol East
2001,98,Bristol North West
2001,99,Bristol South
2001,100,Bristol West
2001,427,Norfolk Mid
2001,101,Bromley and Chislehurst
2001,102,Bromsgrove
2001,103,Broxbourne
2001,104,Broxtowe
2001,105,Buckingham
2001,106,Burnley
2001,107,Burton
2001,108,Bury North
2001,109,Bury South
2001,110,Bury St Edmunds
2001,112,Caerphilly
2001,113,"Caithness, Sutherland and Easter Ross"
2001,114,Calder Valley
2001,115,Camberwell and Peckham
2001,248,Falmouth & Camborne
2001,116,Cambridge
2001,117,North East Cambridgeshire
2001,118,North West Cambridgeshire
2001,119,South Cambridgeshire
2001,120,South East Cambridgeshire
2001,121,Cannock Chase
2001,122,Canterbury
2001,123,Cardiff Central
2001,124,Cardiff North
2001,125,Cardiff South and Penarth
2001,126,Cardiff West
2001,127,Carlisle
2001,128,Carmarthen East and Dinefwr
2001,129,Carmarthen West and Pembrokeshire South
2001,131,Carshalton and Wallington
2001,132,Castle Point
2001,133,Ceredigion
2001,134,Charnwood
2001,135,Chatham and Aylesford
2001,136,Cheadle
2001,137,Chelmsford West
2001,294,Hammersmith & Fulham
2001,138,Cheltenham
2001,139,Chesham and Amersham
2001,140,City of Chester
2001,141,Chesterfield
2001,142,Chichester
2001,143,Chingford and Woodford Green
2001,631,Wiltshire North
2001,144,Chipping Barnet
2001,145,Chorley
2001,146,Christchurch
2001,147,Cities of London and Westminster
2001,305,Harwich
2001,148,Cleethorpes
2001,149,Clwyd South
2001,150,Clwyd West
2001,153,Coatbridge and Chryston
2001,154,Colchester
2001,155,Colne Valley
2001,156,Congleton
2001,158,Copeland
2001,159,Corby
2001,160,North Cornwall
2001,161,South East Cornwall
2001,162,The Cotswolds
2001,163,Coventry North East
2001,164,Coventry North West
2001,165,Coventry South
2001,166,Crawley
2001,167,Crewe and Nantwich
2001,169,Croydon Central
2001,170,Croydon North
2001,171,Croydon South
2001,172,Cumbernauld and Kilsyth
2001,175,Cynon Valley
2001,176,Dagenham
2001,177,Darlington
2001,178,Dartford
2001,179,Daventry
2001,180,Delyn
2001,181,Denton and Reddish
2001,182,Derby North
2001,183,Derby South
2001,186,Derbyshire West
2001,182,Derby North
2001,184,North East Derbyshire
2001,185,South Derbyshire
2001,187,Devizes
2001,573,Teignbridge
2001,188,East Devon
2001,189,North Devon
2001,190,South West Devon
2001,191,Torridge and West Devon
2001,192,Dewsbury
2001,193,Don Valley
2001,194,Doncaster Central
2001,195,Doncaster North
2001,196,Mid Dorset and North Poole
2001,197,North Dorset
2001,198,South Dorset
2001,199,West Dorset
2001,200,Dover
2001,203,Dudley North
2001,204,Dudley South
2001,205,Dulwich and West Norwood
2001,261,Galloway and Upper Nithsdale
2001,207,Dumfries
2001,549,Strathkelvin and Bearsden
2001,206,Dumbarton
2001,208,Dundee East
2001,209,Dundee West
2001,211,Dunfermline West
2001,214,City of Durham
2001,212,North Durham
2001,213,North West Durham
2001,399, Meirionnydd Nant Conwy
2001,215,Ealing Acton & Shepherds Bush
2001,216,Ealing North
2001,217,"Ealing, Southall"
2001,218,Easington
2001,219,East Ham
2001,220,East Kilbride
2001,221,East Lothian
2001,222,Eastbourne
2001,223,Eastleigh
2001,226,Eddisbury
2001,228,EdinBorough East and Musselburgh
2001,229,EdinBorough North and Leith
2001,231,EdinBorough South
2001,230,EdinBorough Pentlands
2001,232,EdinBorough West
2001,233,Edmonton
2001,234,Ellesmere Port and Neston
2001,235,Elmet
2001,236,Eltham
2001,237,Enfield North
2001,238,"Enfield, Southgate"
2001,239,Epping Forest
2001,240,Epsom and Ewell
2001,241,Erewash
2001,242,Erith and Thamesmead
2001,243,Esher and Walton
2001,245,Exeter
2001,247,Falkirk West
2001,249,Fareham
2001,250,Faversham and Mid Kent
2001,251,Feltham and Heston
2001,254,North East Fife
2001,98,Bristol North West
2001,255,Finchley and Golders Green
2001,256,Folkestone and Hythe
2001,257,Forest of Dean
2001,259,Fylde
2001,260,Gainsborough
2001,375,Liverpool Garston
2001,590,Tyne Bridge
2001,263,Gedling
2001,264,Gillingham
2001,273,Glasgow Shettleston
2001,266,Glasgow Baillieston
2001,270,Glasgow Maryhill
2001,274,Glasgow Springburn
2001,265,Glasgow Anniesland
2001,267,Glasgow Cathcart
2001,271,Glasgow Pollok
2001,253,Fife Central
2001,275,Gloucester
2001,276,Gordon
2001,277,Gosport
2001,278,Gower
2001,279,Grantham and Stamford
2001,280,Gravesham
2001,281,Great Grimsby
2001,282,Great Yarmouth
2001,284,Greenwich and Woolwich
2001,285,Guildford
2001,286,Hackney North and Stoke Newington
2001,287,Hackney South and Shoreditch
2001,288,Halesowen and Rowley Regis
2001,289,Halifax
2001,290,Haltemprice and Howden
2001,291,Halton
2001,294,Hammersmith & Fulham
2001,295,East Hampshire
2001,296,North East Hampshire
2001,297,North West Hampshire
2001,298,Hampstead and Highgate
2001,299,Harborough
2001,300,Harlow
2001,301,Harrogate and Knaresborough
2001,302,Harrow East
2001,303,Harrow West
2001,304,Hartlepool
2001,244,Essex North
2001,306,Hastings and Rye
2001,307,Havant
2001,308,Hayes and Harlington
2001,309,Hazel Grove
2001,310,Hemel Hempstead
2001,311,Hemsworth
2001,312,Hendon
2001,313,Henley
2001,314,Hereford
2001,366,Leominster
2001,315,Hertford and Stortford
2001,316,North East Hertfordshire
2001,317,South West Hertfordshire
2001,318,Hertsmere
2001,319,Hexham
2001,320,Heywood and Middleton
2001,321,High Peak
2001,322,Hitchin and Harpenden
2001,323,Holborn and St Pancras
2001,595,Upminster
2001,325,Hornsey and Wood Green
2001,326,Horsham
2001,327,Houghton and Washington East
2001,328,Hove
2001,329,Huddersfield
2001,330,Kingston upon Hull East
2001,331,Kingston upon Hull North
2001,332,Kingston upon Hull West and Hessle
2001,333,Huntingdon
2001,334,Hyndburn
2001,335,Ilford North
2001,336,Ilford South
2001,283,Greenock and Inverclyde
2001,337,"Inverness East, Nairnand Lochaber"
2001,338,Ipswich
2001,339,Isle of Wight
2001,340,Islington North
2001,341,Islington South and Finsbury
2001,342,Islwyn
2001,343,Jarrow
2001,344,Keighley
2001,491,Rugby & Kenilworth
2001,345,Kensington & Chelsea
2001,346,Kettering
2001,347,Kilmarnock and Loudoun
2001,348,Kingston and Surbiton
2001,349,Kingswood
2001,350,Kirkcaldy
2001,352,Knowsley South
2001,152,Clydesdale
2001,354,Lancashire West
2001,355,Lancaster & Wyre
2001,356,Leeds Central
2001,357,Leeds East
2001,358,Leeds North East
2001,359,Leeds North West
2001,360,Leeds West
2001,361,Leicester East
2001,362,Leicester South
2001,363,Leicester West
2001,364,Leicestershire North West
2001,64,Blaby
2001,365,Leigh
2001,367,Lewes
2001,368,"Lewisham, Deptford"
2001,369,Lewisham East
2001,370,Lewisham West
2001,371,Leyton and Wanstead
2001,372,Lichfield
2001,373,Lincoln
2001,374,Linlithgow
2001,376,"Liverpool, Riverside"
2001,377,"Liverpool, Walton"
2001,378,"Liverpool, Wavertree"
2001,379,"Liverpool, West Derby"
2001,380,Livingston
2001,381,Llanelli
2001,383,Loughborough
2001,384,Louth and Horncastle
2001,385,Ludlow
2001,386,Luton North
2001,387,Luton South
2001,388,Macclesfield
2001,389,Maidenhead
2001,390,Maidstone and The Weald
2001,391,Makerfield
2001,392,Maldon & Chelmsford East
2001,394,Manchester Central
2001,395,"Manchester, Gorton"
2001,396,"Manchester, Withington"
2001,397,Mansfield
2001,295,Hampshire East
2001,400,Meriden
2001,401,Merthyr Tydfil and Rhymney
2001,402,Middlesbrough
2001,403,Middlesbrough South and East Cleveland
2001,404,Midlothian
2001,405,Milton Keynes North East
2001,406,Milton Keynes South West
2001,407,Mitcham and Morden
2001,408,Mole Valley
2001,409,Monmouth
2001,410,Montgomeryshire
2001,411,Moray
2001,412,Morecambe and Lunesdale
2001,413,Morley & Rothwell
2001,414,Motherwell and Wishaw
2001,627,Western Isles
2001,415,Neath
2001,416,New Forest East
2001,417,New Forest West
2001,418,Newark
2001,419,Newbury
2001,420,Newcastle-under-Lyme
2001,421,Newcastle upon Tyne Central
2001,422,Newcastle upon Tyne East & Wallsend
2001,423,Newcastle upon Tyne North
2001,424,Newport East
2001,425,Newport West
2001,573,Teignbridge
2001,427,Mid Norfolk
2001,428,North Norfolk
2001,429,North West Norfolk
2001,430,South Norfolk
2001,431,South West Norfolk
2001,459,Pontefract and Castleford
2001,433,Northampton North
2001,434,Northampton South
2001,179,Daventry
2001,436,Norwich North
2001,437,Norwich South
2001,438,Nottingham East
2001,439,Nottingham North
2001,440,Nottingham South
2001,441,Nuneaton
2001,442,Ochil
2001,443,Ogmore
2001,444,Old Bexley and Sidcup
2001,445,Oldham East and Saddleworth
2001,446,Oldham West and Royton
2001,447,Orkney and Shetland
2001,448,Orpington
2001,449,Oxford East
2001,450,Oxford West and Abingdon
2001,451,Paisley North
2001,452,Paisley South
2001,453,Pendle
2001,514,Sheffield Hillsborough
2001,454,Penrith and The Border
2001,455,Perth
2001,456,Peterborough
2001,457,Plymouth Devonport
2001,458,"Plymouth, Sutton "
2001,460,Pontypridd
2001,461,Poole
2001,462,Poplar and Canning Town
2001,463,Portsmouth North
2001,464,Portsmouth South
2001,465,Preseli Pembrokeshire
2001,466,Preston
2001,467,Pudsey
2001,468,Putney
2001,469,Rayleigh
2001,470,Reading East
2001,471,Reading West
2001,472,Redcar
2001,473,Redditch
2001,475,Reigate
2001,224,Eastwood
2001,477,Rhondda
2001,479,Ribble Valley
2001,480,Richmond (Yorks)
2001,481,Richmond Park
2001,482,Rochdale
2001,398,Medway
2001,483,Rochford and Southend East
2001,484,Romford
2001,485,Romsey
2001,486,"Ross, Skye and Inverness West"
2001,487,Rossendale and Darwen
2001,488,Rother Valley
2001,489,Rotherham
2001,491,Rugby & Kenilworth
2001,492,Ruislip- Northwood
2001,493,Runnymede and Weybridge
2001,494,Rushcliffe
2001,272,Glasgow Rutherglen
2001,495,Rutland and Melton
2001,497,Saffron Walden
2001,498,St Albans
2001,586,Truro & St Austell
2001,499,St Helens North
2001,500,St Helens South
2001,501,St Ives
2001,502,Salford
2001,503,Salisbury
2001,504,Scarborough and Whitby
2001,505,Scunthorpe
2001,506,Sedgefield
2001,168,Crosby
2001,507,Selby
2001,508,Sevenoaks
2001,510,"Sheffield, Brightside "
2001,511,Sheffield Central
2001,512,"Sheffield, Hallam"
2001,513,"Sheffield, Heeley"
2001,509,Sheffield Attercliffe
2001,515,Sherwood
2001,516,Shipley
2001,517,Shrewsbury and Atcham
2001,518,North Shropshire
2001,519,Sittingbourne and Sheppey
2001,520,Skipton and Ripon
2001,521,Sleaford and North Hykeham
2001,522,Slough
2001,523,Solihull
2001,643,Woodspring
2001,608,Wansdyke
2001,524,Somerton and Frome
2001,525,South Holland and The Deepings
2001,478,South Ribble
2001,526,South Shields
2001,527,"Southampton, Itchen"
2001,528,"Southampton, Test"
2001,529,Southend West
2001,530,Southport
2001,532,Spelthorne
2001,533,Stafford
2001,534,Staffordshire Moorlands
2001,535,South Staffordshire
2001,536,Stalybridge and Hyde
2001,537,Stevenage
2001,538,Stirling
2001,539,Stockport
2001,540,Stockton North
2001,541,Stockton South
2001,542,Stoke-on-Trent Central
2001,543,Stoke-on-Trent North
2001,544,Stoke-on-Trent South
2001,545,Stone
2001,546,Stourbridge
2001,548,Stratford-on-Avon
2001,550,Streatham
2001,551,Stretford and Urmston
2001,552,Stroud
2001,553,Central Suffolk and North Ipswich
2001,554,Suffolk Coastal
2001,555,South Suffolk
2001,556,West Suffolk
2001,557,Sunderland North
2001,559,East Surrey
2001,560,Surrey Heath
2001,561,South West Surrey
2001,562,Mid Sussex
2001,563,Sutton and Cheam
2001,564,Sutton Coldfield
2001,565,Swansea East
2001,566,Swansea West
2001,567,North Swindon
2001,568,South Swindon
2001,569,Tamworth
2001,570,Tatton
2001,571,Taunton
2001,574,Telford
2001,575,Tewkesbury
2001,576,North Thanet
2001,577,South Thanet
2001,496,Ryedale
2001,435,Northavon
2001,578,Thurrock
2001,579,Tiverton and Honiton
2001,580,Tonbridge and Malling
2001,581,Tooting
2001,582,Torbay
2001,583,Torfaen
2001,584,Totnes
2001,585,Tottenham
2001,586,Truro & St Austell
2001,587,Tunbridge Wells
2001,589,Twickenham
2001,591,Tynemouth
2001,592,North Tyneside
2001,597,Uxbridge
2001,589,Vale of Clwyd
2001,599,Vale of Glamorgan
2001,601,Vauxhall
2001,602,Wakefield
2001,603,Wallasey
2001,604,Walsall North
2001,605,Walsall South
2001,606,Walthamstow
2001,607,Wansbeck
2001,609,Wantage
2001,610,Warley
2001,611,Warrington North
2001,612,Warrington South
2001,613,Warwick and Leamington
2001,614,North Warwickshire
2001,262,Gateshead East & Washington West
2001,615,Watford
2001,616,Waveney
2001,617,Wealden
2001,618,Weaver Vale
2001,619,Wellingborough
2001,620,Wells
2001,621,Welwyn Hatfield
2001,622,Wentworth
2001,623,West Bromwich East
2001,624,West Bromwich West
2001,625,West Ham
2001,474,Regent's Park & Kensington North
2001,628,Westmorland and Lonsdale
2001,629,Weston-Super-Mare
2001,630,Wigan
2001,631,North Wiltshire
2001,626,Westbury
2001,632,Wimbledon
2001,633,Winchester
2001,634,Windsor
2001,635,Wirral South
2001,636,Wirral West
2001,85,Braintree
2001,637,Witney
2001,638,Woking
2001,639,Wokingham
2001,640,Wolverhampton North East
2001,641,Wolverhampton South East
2001,642,Wolverhampton South West
2001,644,Worcester
2001,645,Mid Worcestershire
2001,646,West Worcestershire
2001,647,Workington
2001,648,Worsley
2001,649,East Worthing and Shoreham
2001,650,Worthing West
2001,651,The Wrekin
2001,652,Wrexham
2001,653,Wycombe
2001,355,Lancaster & Wyre
2001,654,Wyre Forest
2001,655,Wythenshawe and Sale East
2001,656,Yeovil
2001,657,Ynys Môn
2001,658,"York, City of"
2001,600,Vale of York
2001,659,East Yorkshire
2001,2,Aberdeen Central
2001,28,Barnsley West & Penistone
2001,60,Birmingham Selly Oak
2001,87,Brent East
2001,151,Clydebank & Milngavie
2001,174,Cunninghame South
2001,210,Dunfermline East
2001,225,Eccles
2001,227,Edinburgh Central
2001,246,Falkirk East
2001,268,Glasgow Govan
2001,269,Glasgow Kelvin
2001,292,Hamilton North & Bellshill
2001,293,Hamilton South
2001,324,Hornchurch
2001,351,Knowsley North & Sefton East
2001,432,Normanton
2001,476,Renfrewshire West
2001,558,Sunderland South
2001,572,Tayside North
2001,588,"Tweeddale, Ettrick & Lauderdale "
2005,1,Aberavon
2005,156,Conwy
2005,2,Aberdeen North
2005,3,Aberdeen South
2005,4,West Aberdeenshire and Kincardine
2005,5,Airdrie and Shotts
2005,6,Aldershot
2005,7,Aldridge-Brownhills
2005,8,Altrincham and Sale West
2005,9,Alyn and Deeside
2005,10,Amber Valley
2005,11,Angus
2005,113,Caernarfon
2005,15,Argyll and Bute
2005,16,Arundel and South Downs
2005,17,Ashfield
2005,18,Ashford
2005,19,Ashton-under-Lyne
2005,20,Aylesbury
2005,21,"Ayr, Carrick and Cumnock"
2005,22,Central Ayrshire
2005,23,North Ayrshire and Arran
2005,24,Banbury
2005,25,Banff and Buchan
2005,26,Barking
2005,27,Barnsley Central
2005,28,Barnsley East & Mexborough
2005,30,Barrow and Furness
2005,53,Billericay
2005,31,Basildon
2005,32,Basingstoke
2005,33,Bassetlaw
2005,34,Bath
2005,35,Batley and Spen
2005,36,Battersea
2005,37,Beaconsfield
2005,38,Beckenham
2005,39,Bedford
2005,40,Mid Bedfordshire
2005,41,North East Bedfordshire
2005,42,Bedfordshire South West
2005,522,Southwark North & Bermondsey
2005,48,Berwick-upon-Tweed
2005,47,"Berwickshire, RoxBorough and Selkirk"
2005,49,Bethnal Green and Bow
2005,50,Beverley and Holderness
2005,51,Bexhill and Battle
2005,52,Bexleyheath and Crayford
2005,54,Birkenhead
2005,55,"Birmingham, Edgbaston"
2005,56,"Birmingham, Erdington"
2005,63,Birmingham Sparkbrook & Small Heath
2005,58,"Birmingham, Hodge Hill"
2005,59,"Birmingham, Ladywood"
2005,60,"Birmingham, Northfield"
2005,61,"Birmingham, Perry Barr"
2005,57,"Birmingham, Hall Green"
2005,64,"Birmingham, Yardley"
2005,65,Bishop Auckland
2005,67,Blackburn
2005,383,Manchester Blackley
2005,68,Blackpool North and Fleetwood
2005,69,Blackpool South
2005,70,Blaenau Gwent
2005,71,Blaydon
2005,72,Blyth Valley
2005,73,Bognor Regis and Littlehampton
2005,74,Bolsover
2005,75,Bolton North East
2005,76,Bolton South East
2005,77,Bolton West
2005,78,Bootle
2005,79,Boston and Skegness
2005,80,Bosworth
2005,81,Bournemouth East
2005,82,Bournemouth West
2005,83,Bracknell
2005,84,Bardford North
2005,85,Bradford South
2005,86,Bradford West
2005,87,Braintree
2005,88,Brecon and Radnorshire
2005,91,Brent South
2005,90,Brent North
2005,92,Brentford and Isleworth
2005,93,Brentwood and Ongar
2005,94,Bridgend
2005,95,Bridgwater
2005,96,Brigg and Goole
2005,97,"Brighton, Kemptown"
2005,98,"Brighton, Pavilion"
2005,99,Bristol East
2005,100,Bristol North West
2005,101,Bristol South
2005,102,Bristol West
2005,418,Norfolk Mid
2005,103,Bromley and Chislehurst
2005,104,Bromsgrove
2005,105,Broxbourne
2005,106,Broxtowe
2005,107,Buckingham
2005,108,Burnley
2005,109,Burton
2005,110,Bury North
2005,111,Bury South
2005,112,Bury St Edmunds
2005,114,Caerphilly
2005,115,"Caithness, Sutherland and Easter Ross"
2005,116,Calder Valley
2005,117,Camberwell and Peckham
2005,243,Falmouth & Camborne
2005,118,Cambridge
2005,119,North East Cambridgeshire
2005,120,North West Cambridgeshire
2005,121,South Cambridgeshire
2005,122,South East Cambridgeshire
2005,123,Cannock Chase
2005,124,Canterbury
2005,125,Cardiff Central
2005,126,Cardiff North
2005,127,Cardiff South and Penarth
2005,128,Cardiff West
2005,129,Carlisle
2005,130,Carmarthen East and Dinefwr
2005,131,Carmarthen West and Pembrokeshire South
2005,132,Carshalton and Wallington
2005,133,Castle Point
2005,134,Ceredigion
2005,135,Charnwood
2005,136,Chatham and Aylesford
2005,137,Cheadle
2005,138,Chelmsford West
2005,282,Hammersmith & Fulham
2005,139,Cheltenham
2005,140,Chesham and Amersham
2005,141,City of Chester
2005,142,Chesterfield
2005,143,Chichester
2005,144,Chingford and Woodford Green
2005,618,Wiltshire North
2005,145,Chipping Barnet
2005,146,Chorley
2005,147,Christchurch
2005,148,Cities of London and Westminster
2005,293,Harwich
2005,149,Cleethorpes
2005,150,Clwyd South
2005,151,Clwyd West
2005,152,"Coatbridge, Chryston and Bellshill"
2005,153,Colchester
2005,154,Colne Valley
2005,155,Congleton
2005,157,Copeland
2005,158,Corby
2005,159,North Cornwall
2005,160,South East Cornwall
2005,161,The Cotswolds
2005,162,Coventry North East
2005,163,Coventry North West
2005,164,Coventry South
2005,165,Crawley
2005,166,Crewe and Nantwich
2005,168,Croydon Central
2005,169,Croydon North
2005,170,Croydon South
2005,171,"Cumbernauld, Kilsyth and Kirkintilloch East"
2005,172,Cynon Valley
2005,173,Dagenham
2005,174,Darlington
2005,175,Dartford
2005,176,Daventry
2005,177,Delyn
2005,178,Denton and Reddish
2005,179,Derby North
2005,180,Derby South
2005,183,Derbyshire West
2005,180,Derby North
2005,181,North East Derbyshire
2005,182,South Derbyshire
2005,184,Devizes
2005,562,Teignbridge
2005,185,East Devon
2005,186,North Devon
2005,187,South West Devon
2005,188,Torridge and West Devon
2005,189,Dewsbury
2005,190,Don Valley
2005,191,Doncaster Central
2005,192,Doncaster North
2005,193,Mid Dorset and North Poole
2005,194,North Dorset
2005,195,South Dorset
2005,196,West Dorset
2005,197,Dover
2005,200,Dudley North
2005,201,Dudley South
2005,202,Dulwich and West Norwood
2005,203,Dumfries and Galloway
2005,204,"Dumfriesshire, Clydesdale and Tweeddale"
2005,205,East Dunbartonshire
2005,206,West Dunbartonshire
2005,207,Dundee East
2005,208,Dundee West
2005,209,Dunfermline and West Fife
2005,212,City of Durham
2005,210,North Durham
2005,211,North West Durham
2005,389, Meirionnydd Nant Conwy
2005,213,Ealing Acton & Shepherds Bush
2005,214,Ealing North
2005,215,"Ealing, Southall"
2005,216,Easington
2005,217,East Ham
2005,218,"East Kilbride, Strathaven and Lesmahagow"
2005,219,East Lothian
2005,220,Eastbourne
2005,221,Eastleigh
2005,223,Eddisbury
2005,224,EdinBorough East
2005,225,EdinBorough North and Leith
2005,226,EdinBorough South
2005,227,EdinBorough South West
2005,228,EdinBorough West
2005,229,Edmonton
2005,230,Ellesmere Port and Neston
2005,231,Elmet
2005,232,Eltham
2005,233,Enfield North
2005,234,"Enfield, Southgate"
2005,235,Epping Forest
2005,236,Epsom and Ewell
2005,237,Erewash
2005,238,Erith and Thamesmead
2005,239,Esher and Walton
2005,241,Exeter
2005,242,Falkirk
2005,244,Fareham
2005,245,Faversham and Mid Kent
2005,246,Feltham and Heston
2005,248,North East Fife
2005,100,Bristol North West
2005,249,Finchley and Golders Green
2005,250,Folkestone and Hythe
2005,251,Forest of Dean
2005,253,Fylde
2005,254,Gainsborough
2005,365,Liverpool Garston
2005,578,Tyne Bridge
2005,256,Gedling
2005,257,Gillingham
2005,258,Glasgow Central
2005,259,Glasgow East
2005,260,Glasgow North
2005,261,Glasgow North East
2005,262,Glasgow North West
2005,263,Glasgow South
2005,264,Glasgow South West
2005,265,Glenrothes
2005,266,Gloucester
2005,267,Gordon
2005,268,Gosport
2005,269,Gower
2005,270,Grantham and Stamford
2005,271,Gravesham
2005,272,Great Grimsby
2005,273,Great Yarmouth
2005,274,Greenwich and Woolwich
2005,275,Guildford
2005,276,Hackney North and Stoke Newington
2005,277,Hackney South and Shoreditch
2005,278,Halesowen and Rowley Regis
2005,279,Halifax
2005,280,Haltemprice and Howden
2005,281,Halton
2005,282,Hammersmith & Fulham
2005,283,East Hampshire
2005,284,North East Hampshire
2005,285,North West Hampshire
2005,286,Hampstead and Highgate
2005,287,Harborough
2005,288,Harlow
2005,289,Harrogate and Knaresborough
2005,290,Harrow East
2005,291,Harrow West
2005,292,Hartlepool
2005,240,Essex North
2005,294,Hastings and Rye
2005,295,Havant
2005,296,Hayes and Harlington
2005,297,Hazel Grove
2005,298,Hemel Hempstead
2005,299,Hemsworth
2005,300,Hendon
2005,301,Henley
2005,302,Hereford
2005,356,Leominster
2005,303,Hertford and Stortford
2005,304,North East Hertfordshire
2005,305,South West Hertfordshire
2005,306,Hertsmere
2005,307,Hexham
2005,308,Heywood and Middleton
2005,309,High Peak
2005,310,Hitchin and Harpenden
2005,311,Holborn and St Pancras
2005,312,Upminster
2005,313,Hornsey and Wood Green
2005,314,Horsham
2005,315,Houghton and Washington East
2005,316,Hove
2005,317,Huddersfield
2005,318,Kingston upon Hull East
2005,319,Kingston upon Hull North
2005,320,Kingston upon Hull West and Hessle
2005,321,Huntingdon
2005,322,Hyndburn
2005,323,Ilford North
2005,324,Ilford South
2005,325,Inverclyde
2005,326,"Inverness, Nairn, Badenoch and Strathspey"
2005,327,Ipswich
2005,328,Isle of Wight
2005,329,Islington North
2005,330,Islington South and Finsbury
2005,331,Islwyn
2005,332,Jarrow
2005,333,Keighley
2005,481,Rugby & Kenilworth
2005,334,Kensington & Chelsea
2005,335,Kettering
2005,336,Kilmarnock and Loudoun
2005,337,Kingston and Surbiton
2005,338,Kingswood
2005,339,Kirkcaldy and Cowdenbeath
2005,341,Knowsley South
2005,343,Lanark and Hamilton East
2005,344,West Lancashire
2005,345,Lancaster & Wyre
2005,346,Leeds Central
2005,347,Leeds East
2005,348,Leeds North East
2005,349,Leeds North West
2005,350,Leeds West
2005,351,Leicester East
2005,352,Leicester South
2005,353,Leicester West
2005,354,North West Leicestershire
2005,66,Blaby
2005,355,Leigh
2005,357,Lewes
2005,358,"Lewisham, Deptford"
2005,359,Lewisham East
2005,360,Lewisham West
2005,361,Leyton and Wanstead
2005,362,Lichfield
2005,363,Lincoln
2005,364,Linlithgow and East Falkirk
2005,366,"Liverpool, Riverside"
2005,367,"Liverpool, Walton"
2005,368,"Liverpool, Wavertree"
2005,369,"Liverpool, West Derby"
2005,370,Livingston
2005,371,Llanelli
2005,373,Loughborough
2005,374,Louth and Horncastle
2005,375,Ludlow
2005,376,Luton North
2005,377,Luton South
2005,378,Macclesfield
2005,379,Maidenhead
2005,380,Maidstone and The Weald
2005,381,Makerfield
2005,382,Maldon & Chelmsford East
2005,384,Manchester Central
2005,385,"Manchester, Gorton"
2005,386,"Manchester, Withington"
2005,387,Mansfield
2005,283,Hampshire East
2005,390,Meriden
2005,391,Merthyr Tydfil and Rhymney
2005,392,Middlesbrough
2005,393,Middlesbrough South and East Cleveland
2005,394,Midlothian
2005,395,Milton Keynes North East
2005,396,Milton Keynes South West
2005,397,Mitcham and Morden
2005,398,Mole Valley
2005,399,Monmouth
2005,400,Montgomeryshire
2005,401,Moray
2005,402,Morecambe and Lunesdale
2005,403,Morley & Rothwell
2005,404,Motherwell and Wishaw
2005,405,Na h-Eileanan an Iar
2005,406,Neath
2005,407,New Forest East
2005,408,New Forest West
2005,409,Newark
2005,410,Newbury
2005,411,Newcastle-under-Lyme
2005,412,Newcastle upon Tyne Central
2005,413,Newcastle upon Tyne East & Wallsend
2005,414,Newcastle upon Tyne North
2005,415,Newport East
2005,416,Newport West
2005,562,Teignbridge
2005,418,Mid Norfolk
2005,419,North Norfolk
2005,420,North West Norfolk
2005,421,South Norfolk
2005,422,South West Norfolk
2005,450,Pontefract and Castleford
2005,424,Northampton North
2005,425,Northampton South
2005,176,Daventry
2005,427,Norwich North
2005,428,Norwich South
2005,429,Nottingham East
2005,430,Nottingham North
2005,431,Nottingham South
2005,432,Nuneaton
2005,433,Ochil and South Perthshire
2005,434,Ogmore
2005,435,Old Bexley and Sidcup
2005,436,Oldham East and Saddleworth
2005,437,Oldham West and Royton
2005,438,Orkney and Shetland
2005,439,Orpington
2005,440,Oxford East
2005,441,Oxford West and Abingdon
2005,442,Paisley and Renfrewshire North
2005,443,Paisley and Renfrewshire South
2005,444,Pendle
2005,505,Sheffield Hillsborough
2005,445,Penrith and The Border
2005,446,Perth and North Perthshire
2005,447,Peterborough
2005,448,Plymouth Devonport
2005,449,"Plymouth, Sutton "
2005,451,Pontypridd
2005,452,Poole
2005,453,Poplar and Canning Town
2005,454,Portsmouth North
2005,455,Portsmouth South
2005,456,Preseli Pembrokeshire
2005,457,Preston
2005,458,Pudsey
2005,459,Putney
2005,460,Rayleigh
2005,461,Reading East
2005,462,Reading West
2005,463,Redcar
2005,464,Redditch
2005,466,Reigate
2005,467,East Renfrewshire
2005,468,Rhondda
2005,470,Ribble Valley
2005,471,Richmond (Yorks)
2005,472,Richmond Park
2005,473,Rochdale
2005,388,Medway
2005,474,Rochford and Southend East
2005,475,Romford
2005,476,Romsey
2005,477,"Ross, Skye and Lochaber"
2005,478,Rossendale and Darwen
2005,479,Rother Valley
2005,480,Rotherham
2005,481,Rugby & Kenilworth
2005,482,Ruislip- Northwood
2005,483,Runnymede and Weybridge
2005,484,Rushcliffe
2005,485,Rutherglen and Hamilton West
2005,486,Rutland and Melton
2005,488,Saffron Walden
2005,489,St Albans
2005,575,Truro & St Austell
2005,490,St Helens North
2005,491,St Helens South
2005,492,St Ives
2005,493,Salford
2005,494,Salisbury
2005,495,Scarborough and Whitby
2005,496,Scunthorpe
2005,497,Sedgefield
2005,167,Crosby
2005,498,Selby
2005,499,Sevenoaks
2005,501,"Sheffield, Brightside "
2005,502,Sheffield Central
2005,503,"Sheffield, Hallam"
2005,504,"Sheffield, Heeley"
2005,500,Sheffield Attercliffe
2005,506,Sherwood
2005,507,Shipley
2005,508,Shrewsbury and Atcham
2005,509,North Shropshire
2005,510,Sittingbourne and Sheppey
2005,511,Skipton and Ripon
2005,512,Sleaford and North Hykeham
2005,513,Slough
2005,514,Solihull
2005,630,Woodspring
2005,596,Wansdyke
2005,515,Somerton and Frome
2005,516,South Holland and The Deepings
2005,469,South Ribble
2005,517,South Shields
2005,518,"Southampton, Itchen"
2005,519,"Southampton, Test"
2005,520,Southend West
2005,521,Southport
2005,523,Spelthorne
2005,524,Stafford
2005,525,Staffordshire Moorlands
2005,526,South Staffordshire
2005,527,Stalybridge and Hyde
2005,528,Stevenage
2005,529,Stirling
2005,530,Stockport
2005,531,Stockton North
2005,532,Stockton South
2005,533,Stoke-on-Trent Central
2005,534,Stoke-on-Trent North
2005,535,Stoke-on-Trent South
2005,536,Stone
2005,537,Stourbridge
2005,539,Stratford-on-Avon
2005,540,Streatham
2005,541,Stretford and Urmston
2005,542,Stroud
2005,543,Central Suffolk and North Ipswich
2005,544,Suffolk Coastal
2005,545,South Suffolk
2005,546,West Suffolk
2005,547,Sunderland North
2005,549,East Surrey
2005,550,Surrey Heath
2005,551,South West Surrey
2005,552,Mid Sussex
2005,553,Sutton and Cheam
2005,554,Sutton Coldfield
2005,555,Swansea East
2005,556,Swansea West
2005,557,North Swindon
2005,558,South Swindon
2005,559,Tamworth
2005,560,Tatton
2005,561,Taunton
2005,563,Telford
2005,564,Tewkesbury
2005,565,North Thanet
2005,566,South Thanet
2005,487,Ryedale
2005,426,Northavon
2005,567,Thurrock
2005,568,Tiverton and Honiton
2005,569,Tonbridge and Malling
2005,570,Tooting
2005,571,Torbay
2005,572,Torfaen
2005,573,Totnes
2005,574,Tottenham
2005,575,Truro & St Austell
2005,576,Tunbridge Wells
2005,577,Twickenham
2005,579,Tynemouth
2005,580,North Tyneside
2005,585,Uxbridge
2005,586,Vale of Clwyd
2005,587,Vale of Glamorgan
2005,589,Vauxhall
2005,590,Wakefield
2005,591,Wallasey
2005,592,Walsall North
2005,593,Walsall South
2005,594,Walthamstow
2005,595,Wansbeck
2005,597,Wantage
2005,598,Warley
2005,599,Warrington North
2005,600,Warrington South
2005,601,Warwick and Leamington
2005,602,North Warwickshire
2005,255,Gateshead East & Washington West
2005,603,Watford
2005,604,Waveney
2005,605,Wealden
2005,606,Weaver Vale
2005,607,Wellingborough
2005,608,Wells
2005,609,Welwyn Hatfield
2005,610,Wentworth
2005,611,West Bromwich East
2005,612,West Bromwich West
2005,613,West Ham
2005,465,Regent's Park & Kensington North
2005,615,Westmorland and Lonsdale
2005,616,Weston-Super-Mare
2005,617,Wigan
2005,618,North Wiltshire
2005,614,Westbury
2005,619,Wimbledon
2005,620,Winchester
2005,621,Windsor
2005,622,Wirral South
2005,623,Wirral West
2005,87,Braintree
2005,624,Witney
2005,625,Woking
2005,626,Wokingham
2005,627,Wolverhampton North East
2005,628,Wolverhampton South East
2005,629,Wolverhampton South West
2005,631,Worcester
2005,632,Mid Worcestershire
2005,633,West Worcestershire
2005,634,Workington
2005,635,Worsley
2005,636,East Worthing and Shoreham
2005,637,Worthing West
2005,638,The Wrekin
2005,639,Wrexham
2005,640,Wycombe
2005,345,Lancaster & Wyre
2005,641,Wyre Forest
2005,642,Wythenshawe and Sale East
2005,643,Yeovil
2005,644,Ynys Môn
2005,645,"York, City of"
2005,588,Vale of York
2005,646,East Yorkshire
2005,29,Barnsley West & Penistone
2005,62,Birmingham Selly Oak
2005,89,Brent East
2005,222,Eccles
2005,312,Hornchurch
2005,340,Knowsley North & Sefton East
2005,423,Normanton
2005,548,Sunderland South
